<?xml version="1.0" encoding="UTF-8"?>
<beans xmlns="http://www.springframework.org/schema/beans"
	xmlns:xsi="http://www.w3.org/2001/XMLSchema-instance"
	xmlns:int="http://www.springframework.org/schema/integration"
	xmlns:task="http://www.springframework.org/schema/task"
	xmlns:int-file="http://www.springframework.org/schema/integration/file"
	xmlns:int-ftp="http://www.springframework.org/schema/integration/ftp"
	xmlns:int-jdbc="http://www.springframework.org/schema/integration/jdbc"
	xmlns:jdbc="http://www.springframework.org/schema/jdbc"
	xmlns:int-jms="http://www.springframework.org/schema/integration/jms"
	xsi:schemaLocation="http://www.springframework.org/schema/integration/jdbc http://www.springframework.org/schema/integration/jdbc/spring-integration-jdbc-4.2.xsd
		http://www.springframework.org/schema/jdbc http://www.springframework.org/schema/jdbc/spring-jdbc-4.2.xsd
		http://www.springframework.org/schema/task http://www.springframework.org/schema/task/spring-task-4.2.xsd
		http://www.springframework.org/schema/beans http://www.springframework.org/schema/beans/spring-beans.xsd
		http://www.springframework.org/schema/integration/file http://www.springframework.org/schema/integration/file/spring-integration-file-4.2.xsd
		http://www.springframework.org/schema/integration/jms http://www.springframework.org/schema/integration/jms/spring-integration-jms-4.2.xsd
		http://www.springframework.org/schema/integration/ftp http://www.springframework.org/schema/integration/ftp/spring-integration-ftp-4.2.xsd
		http://www.springframework.org/schema/integration http://www.springframework.org/schema/integration/spring-integration-4.2.xsd">
	
	<bean id="connectionFactory" class="org.springframework.jms.connection.CachingConnectionFactory">
		<property name="targetConnectionFactory">
			<bean class="org.apache.activemq.ActiveMQConnectionFactory">
				<property name="brokerURL" value="tcp://localhost:61616"/>
			</bean>
		</property>
	</bean>
	
	<bean id="queue" class="org.apache.activemq.command.ActiveMQQueue">
		<constructor-arg value="sample.queue"></constructor-arg>
	</bean>
	
	<int-jms:outbound-channel-adapter 
		connection-factory="connectionFactory"
		channel="outboundChannel"
		destination="queue"/>
			
	<int:object-to-string-transformer input-channel="inboundChannel" output-channel="outboundChannel"/>

	<int-jms:inbound-channel-adapter
		connection-factory="connectionFactory"
		destination="queue"
		channel="jmsChannel">
		<int:poller fixed-rate="7000"/>
	</int-jms:inbound-channel-adapter>
	
	<int:gateway service-interface="com.oreilly.integration.PersonGateway" default-request-channel="inboundChannel"></int:gateway>
	
	<bean id="mp" class="com.oreilly.integration.MessagePrinter"/>
	
	<int:service-activator ref="mp" method="print" input-channel="jmsChannel"/>
	
	<int:channel id="jmsChannel"/>

	<int:channel id="inboundChannel"/>

	<int:channel id="outboundChannel"/>
	
</beans>
