<?xml version="1.0" encoding="UTF-8"?>
<beans xmlns="http://www.springframework.org/schema/beans"
	xmlns:xsi="http://www.w3.org/2001/XMLSchema-instance" xmlns:int="http://www.springframework.org/schema/integration"
	xmlns:task="http://www.springframework.org/schema/task"
	xsi:schemaLocation="http://www.springframework.org/schema/task http://www.springframework.org/schema/task/spring-task-4.2.xsd
		http://www.springframework.org/schema/beans http://www.springframework.org/schema/beans/spring-beans.xsd
		http://www.springframework.org/schema/integration http://www.springframework.org/schema/integration/spring-integration-4.2.xsd">

	<int:inbound-channel-adapter ref="personDirectoryService" method="findNewPeople" channel="printChannel">
		<int:poller fixed-rate="3000"/>
	</int:inbound-channel-adapter>
	
	<bean id="personDirectoryService" class="com.oreilly.integration.PersonDirectoryService"/>
	
	<int:channel id="printChannel" />
	<int:channel id="uppercaseChannel" />

	<int:service-activator ref="uppercaseService" method="execute" input-channel="uppercaseChannel" />
	
	<bean id="uppercaseService" class="com.oreilly.integration.UppercaseService"/>
	
	<int:service-activator ref="printService" method="print"
		input-channel="printChannel" />
		
	<bean id="printService" class="com.oreilly.integration.PrintService" />
</beans>
