<?xml version="1.0" encoding="UTF-8"?>
<beans xmlns="http://www.springframework.org/schema/beans"
	xmlns:xsi="http://www.w3.org/2001/XMLSchema-instance"
	xmlns:task="http://www.springframework.org/schema/task"
	xmlns:int-ftp="http://www.springframework.org/schema/integration/ftp"
	xmlns:int-jdbc="http://www.springframework.org/schema/integration/jdbc"
	xmlns:jdbc="http://www.springframework.org/schema/jdbc"
	xmlns:int-jms="http://www.springframework.org/schema/integration/jms"
	xmlns:int="http://www.springframework.org/schema/integration"
	xmlns:int-http="http://www.springframework.org/schema/integration/http"
	xsi:schemaLocation="http://www.springframework.org/schema/integration/jdbc http://www.springframework.org/schema/integration/jdbc/spring-integration-jdbc-4.2.xsd
		http://www.springframework.org/schema/jdbc http://www.springframework.org/schema/jdbc/spring-jdbc-4.2.xsd
		http://www.springframework.org/schema/task http://www.springframework.org/schema/task/spring-task-4.2.xsd
		http://www.springframework.org/schema/beans http://www.springframework.org/schema/beans/spring-beans.xsd
		http://www.springframework.org/schema/integration/jms http://www.springframework.org/schema/integration/jms/spring-integration-jms-4.2.xsd
		http://www.springframework.org/schema/integration/ftp http://www.springframework.org/schema/integration/ftp/spring-integration-ftp-4.2.xsd
		http://www.springframework.org/schema/integration/http http://www.springframework.org/schema/integration/http/spring-integration-http.xsd
		http://www.springframework.org/schema/integration http://www.springframework.org/schema/integration/spring-integration.xsd">

	<int:gateway service-interface="com.oreilly.integration.SimpleGateway" 
		default-request-channel="httpOutbound"/>
		
	<int:channel id="httpOutbound"/>	
	
	<int-http:outbound-gateway
		request-channel="httpOutbound"
		url="http://localhost:8080/"
		http-method="GET"
		reply-channel="httpReply"
	></int-http:outbound-gateway>

	<int:channel id="httpReply"/>
	
	<bean class="com.oreilly.integration.MessagePrinter" id="printer2"/>
	
	<int:service-activator ref="printer2" input-channel="httpReply" method="printConsole"/>

	<int-http:inbound-gateway 
		request-channel="httpChannel"
		supported-methods="GET"
		path="/">
	</int-http:inbound-gateway>
		
	<int:channel id="httpChannel"/>
	
	<bean class="com.oreilly.integration.MessagePrinter" id="printer"/>
	
	<int:service-activator ref="printer" input-channel="httpChannel" method="print"/>

</beans>
